id,name,model_id:id,group_id:id,perm_read,perm_write,perm_create,perm_unlink
access_don_vi,don_vi.don_vi,model_don_vi,base.group_user,1,1,1,1
access_chuc_vu,chuc_vu.chuc_vu,model_chuc_vu,base.group_user,1,1,1,1
access_lich_su_cong_tac,lich_su_cong_tac.lich_su_cong_tac,model_lich_su_cong_tac,base.group_user,1,1,1,1
access_chung_chi_bang_cap,chung_chi_bang_cap.chung_chi_bang_cap,model_chung_chi_bang_cap,base.group_user,1,1,1,1
access_danh_sach_chung_chi_bang_cap,danh_sach_chung_chi_bang_cap.danh_sach_chung_chi_bang_cap,model_danh_sach_chung_chi_bang_cap,base.group_user,1,1,1,1
access_ho_so_dien_tu,ho_so_dien_tu.ho_so_dien_tu,model_nhan_su_ho_so_dien_tu,base.group_user,1,1,1,1
access_hr_employee,nhan_su.hr_employee,model_hr_employee,base.group_user,1,1,1,1
access_iot_project_assignment,iot_project_assignment,model_iot_project_assignment,base.group_user,1,1,1,1

